-- phpMyAdmin SQL Dump
-- version 5.2.0
-- https://www.phpmyadmin.net/
--
-- Host: 127.0.0.1
-- Generation Time: May 12, 2024 at 07:41 AM
-- Server version: 10.4.27-MariaDB
-- PHP Version: 8.2.0

SET SQL_MODE = "NO_AUTO_VALUE_ON_ZERO";
START TRANSACTION;
SET time_zone = "+00:00";


/*!40101 SET @OLD_CHARACTER_SET_CLIENT=@@CHARACTER_SET_CLIENT */;
/*!40101 SET @OLD_CHARACTER_SET_RESULTS=@@CHARACTER_SET_RESULTS */;
/*!40101 SET @OLD_COLLATION_CONNECTION=@@COLLATION_CONNECTION */;
/*!40101 SET NAMES utf8mb4 */;

--
-- Database: `hbdatabase`
--

-- --------------------------------------------------------

--
-- Table structure for table `admin_cred`
--

CREATE TABLE `admin_cred` (
  `sr_no` int(11) NOT NULL,
  `admin_name` varchar(150) NOT NULL,
  `admin_pass` varchar(150) NOT NULL
) ENGINE=InnoDB DEFAULT CHARSET=utf8mb4 COLLATE=utf8mb4_general_ci;

--
-- Dumping data for table `admin_cred`
--

INSERT INTO `admin_cred` (`sr_no`, `admin_name`, `admin_pass`) VALUES
(1, 'admin', '12345');

-- --------------------------------------------------------

--
-- Table structure for table `booking_details`
--

CREATE TABLE `booking_details` (
  `sr_no` int(11) NOT NULL,
  `booking_id` int(11) NOT NULL,
  `room_name` varchar(100) NOT NULL,
  `price` int(11) NOT NULL,
  `total_pay` int(11) NOT NULL,
  `room_no` varchar(100) DEFAULT NULL,
  `user_name` varchar(100) NOT NULL,
  `phonenum` varchar(100) NOT NULL,
  `address` varchar(150) NOT NULL
) ENGINE=InnoDB DEFAULT CHARSET=utf8mb4 COLLATE=utf8mb4_general_ci;

--
-- Dumping data for table `booking_details`
--

INSERT INTO `booking_details` (`sr_no`, `booking_id`, `room_name`, `price`, `total_pay`, `room_no`, `user_name`, `phonenum`, `address`) VALUES
(28, 28, 'Supreme deluxe room', 900, 900, '55', 'user', '9860000000', 'user'),
(29, 29, 'Luxury Room', 600, 600, '60', 'user', '9860000000', 'user'),
(30, 30, 'Simple Room', 300, 300, '66', 'user', '9860000000', 'user');

-- --------------------------------------------------------

--
-- Table structure for table `booking_order`
--

CREATE TABLE `booking_order` (
  `booking_id` int(11) NOT NULL,
  `user_id` int(11) NOT NULL,
  `room_id` int(11) NOT NULL,
  `check_in` date NOT NULL,
  `check_out` date NOT NULL,
  `arrival` int(11) NOT NULL DEFAULT 0,
  `refund` int(11) DEFAULT NULL,
  `booking_status` varchar(100) NOT NULL DEFAULT 'pending',
  `order_id` varchar(150) NOT NULL,
  `trans_id` varchar(200) DEFAULT NULL,
  `trans_amt` int(11) NOT NULL,
  `trans_status` varchar(100) NOT NULL DEFAULT 'pending',
  `trans_resp_msg` varchar(200) DEFAULT NULL,
  `rate_review` int(11) DEFAULT NULL,
  `datentime` datetime NOT NULL DEFAULT current_timestamp()
) ENGINE=InnoDB DEFAULT CHARSET=utf8mb4 COLLATE=utf8mb4_general_ci;

--
-- Dumping data for table `booking_order`
--

INSERT INTO `booking_order` (`booking_id`, `user_id`, `room_id`, `check_in`, `check_out`, `arrival`, `refund`, `booking_status`, `order_id`, `trans_id`, `trans_amt`, `trans_status`, `trans_resp_msg`, `rate_review`, `datentime`) VALUES
(28, 5, 6, '2024-05-05', '2024-05-06', 1, NULL, 'booked', 'ORD_6637bad08dbf7', '0007FM8', 900, 'TXN_SUCCESS', 'Txn Success', 0, '2024-05-05 22:43:56'),
(29, 5, 5, '2024-05-05', '2024-05-06', 1, NULL, 'booked', 'ORD_6637be7cde7cc', '0007FMC', 600, 'TXN_SUCCESS', 'Txn Success', 0, '2024-05-05 22:59:36'),
(30, 5, 3, '2024-05-11', '2024-05-12', 1, NULL, 'booked', 'ORD_663f7f7541d7b', '0007GVN', 300, 'TXN_SUCCESS', 'Txn Success', 0, '2024-05-11 20:08:49');

-- --------------------------------------------------------

--
-- Table structure for table `contact_details`
--

CREATE TABLE `contact_details` (
  `sr_no` int(11) NOT NULL,
  `address` varchar(50) NOT NULL,
  `gmap` varchar(100) NOT NULL,
  `pn1` bigint(20) NOT NULL,
  `pn2` bigint(20) NOT NULL,
  `email` varchar(100) NOT NULL,
  `fb` varchar(100) NOT NULL,
  `insta` varchar(100) NOT NULL,
  `tw` varchar(100) NOT NULL,
  `iframe` varchar(300) NOT NULL
) ENGINE=InnoDB DEFAULT CHARSET=utf8mb4 COLLATE=utf8mb4_general_ci;

--
-- Dumping data for table `contact_details`
--

INSERT INTO `contact_details` (`sr_no`, `address`, `gmap`, `pn1`, `pn2`, `email`, `fb`, `insta`, `tw`, `iframe`) VALUES
(1, 'XYZ, Prayagraj, Uttar Pradesh', 'https://goo.gl/maps/T1YM8d4fJsoczstd6', 918529636985, 91111222333558, 'ask.abcde@gm.com', 'https://www.facebook.com/', 'https://www.facebook.com/', 'https://www.facebook.com/', 'https://www.google.com/maps/embed?pb=!1m14!1m8!1m3!1d461321.73752665165!2d81.801585!3d25.402264!3m2!1i1024!2i768!4f13.1!3m3!1m2!1s0x398534c9b20bd49f:0xa2237856ad4041a!2sPrayagraj, Uttar Pradesh!5e0!3m2!1sen!2sin!4v1644867099910!5m2!1sen!2sin');

-- --------------------------------------------------------

--
-- Table structure for table `facilities`
--

CREATE TABLE `facilities` (
  `id` int(11) NOT NULL,
  `name` varchar(50) NOT NULL
) ENGINE=InnoDB DEFAULT CHARSET=utf8mb4 COLLATE=utf8mb4_general_ci;

--
-- Dumping data for table `facilities`
--

INSERT INTO `facilities` (`id`, `name`) VALUES
(13, 'bedroom'),
(14, 'balcony'),
(15, 'kitchen'),
(17, 'sofa');

-- --------------------------------------------------------

--
-- Table structure for table `rating_review`
--

CREATE TABLE `rating_review` (
  `sr_no` int(11) NOT NULL,
  `booking_id` int(11) NOT NULL,
  `room_id` int(11) NOT NULL,
  `user_id` int(11) NOT NULL,
  `rating` int(11) NOT NULL,
  `review` varchar(200) NOT NULL,
  `seen` int(11) NOT NULL DEFAULT 0,
  `datentime` datetime NOT NULL DEFAULT current_timestamp()
) ENGINE=InnoDB DEFAULT CHARSET=utf8mb4 COLLATE=utf8mb4_general_ci;

-- --------------------------------------------------------

--
-- Table structure for table `rooms`
--

CREATE TABLE `rooms` (
  `id` int(11) NOT NULL,
  `name` varchar(150) NOT NULL,
  `area` int(11) NOT NULL,
  `price` int(11) NOT NULL,
  `quantity` int(11) NOT NULL,
  `adult` int(11) NOT NULL,
  `children` int(11) NOT NULL,
  `description` varchar(350) NOT NULL,
  `status` tinyint(4) NOT NULL DEFAULT 1,
  `removed` int(11) NOT NULL DEFAULT 0
) ENGINE=InnoDB DEFAULT CHARSET=utf8mb4 COLLATE=utf8mb4_general_ci;

--
-- Dumping data for table `rooms`
--

INSERT INTO `rooms` (`id`, `name`, `area`, `price`, `quantity`, `adult`, `children`, `description`, `status`, `removed`) VALUES
(3, 'Simple Room', 250, 300, 10, 5, 3, 'Lorem ipsum dolor sit amet, consectetur adipisicing elit. Quos voluptate vero sed tempore illo atque beatae asperiores, adipisci dicta quia nisi voluptates impedit perspiciatis, nobis libero culpa error officiis totam?Lorem ipsum dolor sit amet, consectetur adipisicing elit. Quos voluptate vero sed tempore illo atque beatae asperiores, adipisci dic', 1, 0),
(4, 'Deluxe Room', 300, 500, 10, 3, 2, 'Lorem ipsum dolor sit amet, consectetur adipisicing elit. Quos voluptate vero sed tempore illo atque beatae asperiores, adipisci dicta quia nisi voluptates impedit perspiciatis, nobis libero culpa error officiis totam?Lorem ipsum dolor sit amet, consectetur adipisicing elit. Quos voluptate vero sed tempore illo atque beatae asperiores, adipisci dic', 1, 0),
(5, 'Luxury Room', 600, 600, 2, 8, 6, 'Lorem ipsum dolor sit amet, consectetur adipisicing elit. Quos voluptate vero sed tempore illo atque beatae asperiores, adipisci dicta quia nisi voluptates impedit perspiciatis, nobis libero culpa error officiis totam?Lorem ipsum dolor sit amet, consectetur adipisicing elit. Quos voluptate vero sed tempore illo atque beatae asperiores, adipisci dic', 1, 0),
(6, 'Supreme deluxe room', 500, 900, 12, 9, 10, 'Lorem ipsum dolor sit amet, consectetur adipisicing elit. Quos voluptate vero sed tempore illo atque beatae asperiores, adipisci dicta quia nisi voluptates impedit perspiciatis, nobis libero culpa error officiis totam?Lorem ipsum dolor sit amet, consectetur adipisicing elit. Quos voluptate vero sed tempore illo atque beatae asperiores, adipisci dic', 1, 0),
(10, 'dsasdf', 55, 55, 55, 55, 1, 'gasd', 1, 1),
(11, 'sdaf', 55, 55, 55, 55, 1, 'gfag', 1, 1),
(12, 'sdaf', 55, 55, 55, 55, 1, 'gfag', 1, 1),
(13, 'gdsa', 55, 55, 55, 55, 1, 'dsfaf', 1, 1);

-- --------------------------------------------------------

--
-- Table structure for table `room_features`
--

CREATE TABLE `room_features` (
  `sr_no` int(11) NOT NULL,
  `room_id` int(11) NOT NULL,
  `features_id` int(11) NOT NULL
) ENGINE=InnoDB DEFAULT CHARSET=utf8mb4 COLLATE=utf8mb4_general_ci;

--
-- Dumping data for table `room_features`
--

INSERT INTO `room_features` (`sr_no`, `room_id`, `features_id`) VALUES
(16, 4, 13),
(17, 4, 14),
(18, 4, 15),
(25, 5, 13),
(26, 5, 14),
(27, 5, 15),
(28, 3, 13),
(29, 3, 14),
(30, 3, 17);

-- --------------------------------------------------------

--
-- Table structure for table `room_images`
--

CREATE TABLE `room_images` (
  `sr_no` int(11) NOT NULL,
  `room_id` int(11) NOT NULL,
  `image` varchar(150) NOT NULL,
  `thumb` tinyint(4) NOT NULL DEFAULT 0
) ENGINE=InnoDB DEFAULT CHARSET=utf8mb4 COLLATE=utf8mb4_general_ci;

--
-- Dumping data for table `room_images`
--

INSERT INTO `room_images` (`sr_no`, `room_id`, `image`, `thumb`) VALUES
(15, 3, 'IMG_39782.png', 0),
(16, 3, 'IMG_65019.png', 1),
(17, 4, 'IMG_44867.png', 0),
(18, 4, 'IMG_78809.png', 1),
(19, 4, 'IMG_11892.png', 0),
(21, 5, 'IMG_17474.png', 0),
(22, 5, 'IMG_42663.png', 1),
(23, 5, 'IMG_70583.png', 0),
(24, 6, 'IMG_67761.png', 0),
(25, 6, 'IMG_69824.png', 1);

-- --------------------------------------------------------

--
-- Table structure for table `settings`
--

CREATE TABLE `settings` (
  `sr_no` int(11) NOT NULL,
  `site_title` varchar(50) NOT NULL,
  `site_about` varchar(250) NOT NULL,
  `shutdown` tinyint(1) NOT NULL
) ENGINE=InnoDB DEFAULT CHARSET=utf8mb4 COLLATE=utf8mb4_general_ci;

--
-- Dumping data for table `settings`
--

INSERT INTO `settings` (`sr_no`, `site_title`, `site_about`, `shutdown`) VALUES
(1, 'HB Website', 'asdlkfj Lorem ipsum dolor sit amet, consectetur adipisicing elit. Quos voluptate vero sed tempore illo atque beatae asperiores, adipisci dicta quia nisi voluptates impedit perspiciatis, nobis libero culpa error officiis totam?', 0);

-- --------------------------------------------------------

--
-- Table structure for table `user_cred`
--

CREATE TABLE `user_cred` (
  `id` int(11) NOT NULL,
  `name` varchar(100) NOT NULL,
  `email` varchar(150) NOT NULL,
  `address` varchar(120) NOT NULL,
  `phonenum` varchar(100) NOT NULL,
  `pincode` int(11) NOT NULL,
  `dob` date NOT NULL,
  `profile` varchar(100) NOT NULL,
  `password` varchar(200) NOT NULL,
  `is_verified` int(11) NOT NULL DEFAULT 0,
  `token` varchar(200) DEFAULT NULL,
  `t_expire` date DEFAULT NULL,
  `status` int(11) NOT NULL DEFAULT 1,
  `datentime` datetime NOT NULL DEFAULT current_timestamp()
) ENGINE=InnoDB DEFAULT CHARSET=utf8mb4 COLLATE=utf8mb4_general_ci;

--
-- Dumping data for table `user_cred`
--

INSERT INTO `user_cred` (`id`, `name`, `email`, `address`, `phonenum`, `pincode`, `dob`, `profile`, `password`, `is_verified`, `token`, `t_expire`, `status`, `datentime`) VALUES
(2, 'tj abcde', 'abcde@gmail.com', 'ad', '123', 123324, '2022-06-12', 'IMG_91058.jpeg', '$2y$10$2IsUjaIwxb/UuaR7abvUNOs/VKmwy848VPsNnswF4bIFRIMDE36zm', 1, NULL, NULL, 1, '2022-06-12 16:05:59'),
(5, 'user', 'user@gmail.com', 'user', '9860000000', 98989, '2024-05-01', 'IMG_82309.jpeg', '$2y$10$O/AoeGEjaCZrFN5iMbavXu/N9HttAB.1XjmurgXcfT/hpra5EnuKa', 1, NULL, NULL, 1, '2024-05-05 21:07:33'),
(6, 'test', 'test@gmail.com', 'user', '9856200000', 32600, '2024-05-11', 'IMG_41558.jpeg', '$2y$10$1oLqHlUzdLEmzvMa4KF1K.bjYcJuqi7puswKdL9FegLzAZadGVgc6', 1, NULL, NULL, 1, '2024-05-11 20:35:02');

-- --------------------------------------------------------

--
-- Table structure for table `user_queries`
--

CREATE TABLE `user_queries` (
  `sr_no` int(11) NOT NULL,
  `name` varchar(50) NOT NULL,
  `email` varchar(150) NOT NULL,
  `subject` varchar(200) NOT NULL,
  `message` varchar(500) NOT NULL,
  `datentime` datetime NOT NULL DEFAULT current_timestamp(),
  `seen` tinyint(4) NOT NULL DEFAULT 0
) ENGINE=InnoDB DEFAULT CHARSET=utf8mb4 COLLATE=utf8mb4_general_ci;

--
-- Dumping data for table `user_queries`
--

INSERT INTO `user_queries` (`sr_no`, `name`, `email`, `subject`, `message`, `datentime`, `seen`) VALUES
(11, 'touseef', 'ask.abcde@gmail.com', 'This is one subject', 'orem ipsum dolor sit amet, consectetur adipisicing elit. Quos voluptate vero sed tempore illo atque beatae asperiores, adipisci dicta quia nisi voluptates im', '2022-03-11 00:00:00', 1),
(13, 'gdsag', 'jidov73724@godsigma.com', 'gdsa', 'gsdagsad', '2024-05-11 20:35:33', 0);

--
-- Indexes for dumped tables
--

--
-- Indexes for table `admin_cred`
--
ALTER TABLE `admin_cred`
  ADD PRIMARY KEY (`sr_no`);

--
-- Indexes for table `booking_details`
--
ALTER TABLE `booking_details`
  ADD PRIMARY KEY (`sr_no`),
  ADD KEY `booking_id` (`booking_id`);

--
-- Indexes for table `booking_order`
--
ALTER TABLE `booking_order`
  ADD PRIMARY KEY (`booking_id`),
  ADD KEY `user_id` (`user_id`),
  ADD KEY `room_id` (`room_id`);

--
-- Indexes for table `contact_details`
--
ALTER TABLE `contact_details`
  ADD PRIMARY KEY (`sr_no`);

--
-- Indexes for table `facilities`
--
ALTER TABLE `facilities`
  ADD PRIMARY KEY (`id`);

--
-- Indexes for table `rating_review`
--
ALTER TABLE `rating_review`
  ADD PRIMARY KEY (`sr_no`),
  ADD KEY `booking_id` (`booking_id`),
  ADD KEY `room_id` (`room_id`),
  ADD KEY `user_id` (`user_id`);

--
-- Indexes for table `rooms`
--
ALTER TABLE `rooms`
  ADD PRIMARY KEY (`id`);

--
-- Indexes for table `room_features`
--
ALTER TABLE `room_features`
  ADD PRIMARY KEY (`sr_no`),
  ADD KEY `features id` (`features_id`),
  ADD KEY `rm id` (`room_id`);

--
-- Indexes for table `room_images`
--
ALTER TABLE `room_images`
  ADD PRIMARY KEY (`sr_no`),
  ADD KEY `room_id` (`room_id`);

--
-- Indexes for table `settings`
--
ALTER TABLE `settings`
  ADD PRIMARY KEY (`sr_no`);

--
-- Indexes for table `user_cred`
--
ALTER TABLE `user_cred`
  ADD PRIMARY KEY (`id`);

--
-- Indexes for table `user_queries`
--
ALTER TABLE `user_queries`
  ADD PRIMARY KEY (`sr_no`);

--
-- AUTO_INCREMENT for dumped tables
--

--
-- AUTO_INCREMENT for table `admin_cred`
--
ALTER TABLE `admin_cred`
  MODIFY `sr_no` int(11) NOT NULL AUTO_INCREMENT, AUTO_INCREMENT=2;

--
-- AUTO_INCREMENT for table `booking_details`
--
ALTER TABLE `booking_details`
  MODIFY `sr_no` int(11) NOT NULL AUTO_INCREMENT, AUTO_INCREMENT=31;

--
-- AUTO_INCREMENT for table `booking_order`
--
ALTER TABLE `booking_order`
  MODIFY `booking_id` int(11) NOT NULL AUTO_INCREMENT, AUTO_INCREMENT=31;

--
-- AUTO_INCREMENT for table `contact_details`
--
ALTER TABLE `contact_details`
  MODIFY `sr_no` int(11) NOT NULL AUTO_INCREMENT, AUTO_INCREMENT=2;

--
-- AUTO_INCREMENT for table `facilities`
--
ALTER TABLE `facilities`
  MODIFY `id` int(11) NOT NULL AUTO_INCREMENT, AUTO_INCREMENT=21;

--
-- AUTO_INCREMENT for table `rating_review`
--
ALTER TABLE `rating_review`
  MODIFY `sr_no` int(11) NOT NULL AUTO_INCREMENT, AUTO_INCREMENT=12;

--
-- AUTO_INCREMENT for table `rooms`
--
ALTER TABLE `rooms`
  MODIFY `id` int(11) NOT NULL AUTO_INCREMENT, AUTO_INCREMENT=14;

--
-- AUTO_INCREMENT for table `room_features`
--
ALTER TABLE `room_features`
  MODIFY `sr_no` int(11) NOT NULL AUTO_INCREMENT, AUTO_INCREMENT=41;

--
-- AUTO_INCREMENT for table `room_images`
--
ALTER TABLE `room_images`
  MODIFY `sr_no` int(11) NOT NULL AUTO_INCREMENT, AUTO_INCREMENT=26;

--
-- AUTO_INCREMENT for table `settings`
--
ALTER TABLE `settings`
  MODIFY `sr_no` int(11) NOT NULL AUTO_INCREMENT, AUTO_INCREMENT=2;

--
-- AUTO_INCREMENT for table `user_cred`
--
ALTER TABLE `user_cred`
  MODIFY `id` int(11) NOT NULL AUTO_INCREMENT, AUTO_INCREMENT=7;

--
-- AUTO_INCREMENT for table `user_queries`
--
ALTER TABLE `user_queries`
  MODIFY `sr_no` int(11) NOT NULL AUTO_INCREMENT, AUTO_INCREMENT=14;

--
-- Constraints for dumped tables
--

--
-- Constraints for table `booking_details`
--
ALTER TABLE `booking_details`
  ADD CONSTRAINT `booking_details_ibfk_1` FOREIGN KEY (`booking_id`) REFERENCES `booking_order` (`booking_id`);

--
-- Constraints for table `booking_order`
--
ALTER TABLE `booking_order`
  ADD CONSTRAINT `booking_order_ibfk_1` FOREIGN KEY (`user_id`) REFERENCES `user_cred` (`id`),
  ADD CONSTRAINT `booking_order_ibfk_2` FOREIGN KEY (`room_id`) REFERENCES `rooms` (`id`);

--
-- Constraints for table `rating_review`
--
ALTER TABLE `rating_review`
  ADD CONSTRAINT `rating_review_ibfk_1` FOREIGN KEY (`booking_id`) REFERENCES `booking_order` (`booking_id`),
  ADD CONSTRAINT `rating_review_ibfk_2` FOREIGN KEY (`room_id`) REFERENCES `rooms` (`id`),
  ADD CONSTRAINT `rating_review_ibfk_3` FOREIGN KEY (`user_id`) REFERENCES `user_cred` (`id`);

--
-- Constraints for table `room_features`
--
ALTER TABLE `room_features`
  ADD CONSTRAINT `features id` FOREIGN KEY (`features_id`) REFERENCES `facilities` (`id`) ON UPDATE NO ACTION,
  ADD CONSTRAINT `rm id` FOREIGN KEY (`room_id`) REFERENCES `rooms` (`id`) ON UPDATE NO ACTION;

--
-- Constraints for table `room_images`
--
ALTER TABLE `room_images`
  ADD CONSTRAINT `room_images_ibfk_1` FOREIGN KEY (`room_id`) REFERENCES `rooms` (`id`);
COMMIT;

/*!40101 SET CHARACTER_SET_CLIENT=@OLD_CHARACTER_SET_CLIENT */;
/*!40101 SET CHARACTER_SET_RESULTS=@OLD_CHARACTER_SET_RESULTS */;
/*!40101 SET COLLATION_CONNECTION=@OLD_COLLATION_CONNECTION */;
